<?xml version='1.0' encoding='UTF-8' standalone='no'?>
<doxygen xmlns:xsi="http://www.w3.org/2001/XMLSchema-instance" xsi:noNamespaceSchemaLocation="compound.xsd" version="1.10.0" xml:lang="en-US">
  <compounddef id="_form1_8_designer_8cs" kind="file" language="C#">
    <compoundname>Form1.Designer.cs</compoundname>
    <innerclass refid="classprocess_1_1_form1" prot="public">process::Form1</innerclass>
    <innernamespace refid="namespaceprocess">process</innernamespace>
    <briefdescription>
    </briefdescription>
    <detaileddescription>
    </detaileddescription>
    <programlisting>
<codeline lineno="1"><highlight class="keyword">namespace<sp/></highlight><highlight class="normal"><ref refid="namespaceprocess" kindref="compound">process</ref></highlight></codeline>
<codeline lineno="2"><highlight class="normal">{</highlight></codeline>
<codeline lineno="3"><highlight class="normal"><sp/><sp/><sp/><sp/></highlight><highlight class="keyword">partial<sp/>class<sp/></highlight><highlight class="normal">Form1</highlight></codeline>
<codeline lineno="4"><highlight class="normal"><sp/><sp/><sp/><sp/>{</highlight></codeline>
<codeline lineno="8"><highlight class="normal"><sp/><sp/><sp/><sp/><sp/><sp/><sp/><sp/></highlight><highlight class="keyword">private</highlight><highlight class="normal"><sp/>System.ComponentModel.IContainer<sp/><ref refid="classprocess_1_1_form1_1a9b19dfd55a749e8edc8499f92e600c25" kindref="member">components</ref><sp/>=<sp/></highlight><highlight class="keyword">null</highlight><highlight class="normal">;</highlight></codeline>
<codeline lineno="9"><highlight class="normal"></highlight></codeline>
<codeline lineno="14"><highlight class="normal"><sp/><sp/><sp/><sp/><sp/><sp/><sp/><sp/></highlight><highlight class="keyword">protected</highlight><highlight class="normal"><sp/></highlight><highlight class="keyword">override</highlight><highlight class="normal"><sp/></highlight><highlight class="keywordtype">void</highlight><highlight class="normal"><sp/><ref refid="classprocess_1_1_form1_1af78e14feb74940d74ded2e5e4f9e120b" kindref="member">Dispose</ref>(</highlight><highlight class="keywordtype">bool</highlight><highlight class="normal"><sp/>disposing)</highlight></codeline>
<codeline lineno="15"><highlight class="normal"><sp/><sp/><sp/><sp/><sp/><sp/><sp/><sp/>{</highlight></codeline>
<codeline lineno="16"><highlight class="normal"><sp/><sp/><sp/><sp/><sp/><sp/><sp/><sp/><sp/><sp/><sp/><sp/></highlight><highlight class="keywordflow">if</highlight><highlight class="normal"><sp/>(disposing<sp/>&amp;&amp;<sp/>(<ref refid="classprocess_1_1_form1_1a9b19dfd55a749e8edc8499f92e600c25" kindref="member">components</ref><sp/>!=<sp/></highlight><highlight class="keyword">null</highlight><highlight class="normal">))</highlight></codeline>
<codeline lineno="17"><highlight class="normal"><sp/><sp/><sp/><sp/><sp/><sp/><sp/><sp/><sp/><sp/><sp/><sp/>{</highlight></codeline>
<codeline lineno="18"><highlight class="normal"><sp/><sp/><sp/><sp/><sp/><sp/><sp/><sp/><sp/><sp/><sp/><sp/><sp/><sp/><sp/><sp/><ref refid="classprocess_1_1_form1_1a9b19dfd55a749e8edc8499f92e600c25" kindref="member">components</ref>.Dispose();</highlight></codeline>
<codeline lineno="19"><highlight class="normal"><sp/><sp/><sp/><sp/><sp/><sp/><sp/><sp/><sp/><sp/><sp/><sp/>}</highlight></codeline>
<codeline lineno="20"><highlight class="normal"><sp/><sp/><sp/><sp/><sp/><sp/><sp/><sp/><sp/><sp/><sp/><sp/>base.Dispose(disposing);</highlight></codeline>
<codeline lineno="21"><highlight class="normal"><sp/><sp/><sp/><sp/><sp/><sp/><sp/><sp/>}</highlight></codeline>
<codeline lineno="22"><highlight class="normal"></highlight></codeline>
<codeline lineno="23"><highlight class="normal"></highlight><highlight class="preprocessor"><sp/><sp/><sp/><sp/><sp/><sp/><sp/><sp/>#region<sp/>Windows<sp/>Form<sp/>Designer<sp/>generated<sp/>code</highlight><highlight class="normal"></highlight></codeline>
<codeline lineno="24"><highlight class="normal"></highlight></codeline>
<codeline lineno="29"><highlight class="normal"><sp/><sp/><sp/><sp/><sp/><sp/><sp/><sp/></highlight><highlight class="keyword">private</highlight><highlight class="normal"><sp/></highlight><highlight class="keywordtype">void</highlight><highlight class="normal"><sp/><ref refid="classprocess_1_1_form1_1a3cb1c877bd167cf71b525dfc2ff8c81a" kindref="member">InitializeComponent</ref>()</highlight></codeline>
<codeline lineno="30"><highlight class="normal"><sp/><sp/><sp/><sp/><sp/><sp/><sp/><sp/>{</highlight></codeline>
<codeline lineno="31"><highlight class="normal"><sp/><sp/><sp/><sp/><sp/><sp/><sp/><sp/><sp/><sp/><sp/><sp/><ref refid="classprocess_1_1_form1_1a9b19dfd55a749e8edc8499f92e600c25" kindref="member">components</ref><sp/>=<sp/></highlight><highlight class="keyword">new</highlight><highlight class="normal"><sp/>System.ComponentModel.Container();</highlight></codeline>
<codeline lineno="32"><highlight class="normal"><sp/><sp/><sp/><sp/><sp/><sp/><sp/><sp/><sp/><sp/><sp/><sp/><ref refid="classprocess_1_1_form1_1a78dc5d579d51a8cd54a59bd5cbb7ef21" kindref="member">button1</ref><sp/>=<sp/></highlight><highlight class="keyword">new</highlight><highlight class="normal"><sp/>Button();</highlight></codeline>
<codeline lineno="33"><highlight class="normal"><sp/><sp/><sp/><sp/><sp/><sp/><sp/><sp/><sp/><sp/><sp/><sp/><ref refid="classprocess_1_1_form1_1ac1a81aed3101efcde06ee0a3010c9de5" kindref="member">listBox1</ref><sp/>=<sp/></highlight><highlight class="keyword">new</highlight><highlight class="normal"><sp/>ListBox();</highlight></codeline>
<codeline lineno="34"><highlight class="normal"><sp/><sp/><sp/><sp/><sp/><sp/><sp/><sp/><sp/><sp/><sp/><sp/><ref refid="classprocess_1_1_form1_1a828b1b497ff9f83bc2f525537b11bd2a" kindref="member">timer1</ref><sp/>=<sp/></highlight><highlight class="keyword">new</highlight><highlight class="normal"><sp/>System.Windows.Forms.Timer(<ref refid="classprocess_1_1_form1_1a9b19dfd55a749e8edc8499f92e600c25" kindref="member">components</ref>);</highlight></codeline>
<codeline lineno="35"><highlight class="normal"><sp/><sp/><sp/><sp/><sp/><sp/><sp/><sp/><sp/><sp/><sp/><sp/><ref refid="classprocess_1_1_form1_1a388c3bfad11bdfd13f4404dcbd4f785f" kindref="member">textBox1</ref><sp/>=<sp/></highlight><highlight class="keyword">new</highlight><highlight class="normal"><sp/>TextBox();</highlight></codeline>
<codeline lineno="36"><highlight class="normal"><sp/><sp/><sp/><sp/><sp/><sp/><sp/><sp/><sp/><sp/><sp/><sp/><ref refid="classprocess_1_1_form1_1a0dcea67c5665371bb52828775a27b549" kindref="member">menuStrip1</ref><sp/>=<sp/></highlight><highlight class="keyword">new</highlight><highlight class="normal"><sp/>MenuStrip();</highlight></codeline>
<codeline lineno="37"><highlight class="normal"><sp/><sp/><sp/><sp/><sp/><sp/><sp/><sp/><sp/><sp/><sp/><sp/><ref refid="classprocess_1_1_form1_1af0129ef9e78b038b72d3e4bfef4e21cc" kindref="member">toolStripMenuItem1</ref><sp/>=<sp/></highlight><highlight class="keyword">new</highlight><highlight class="normal"><sp/>ToolStripMenuItem();</highlight></codeline>
<codeline lineno="38"><highlight class="normal"><sp/><sp/><sp/><sp/><sp/><sp/><sp/><sp/><sp/><sp/><sp/><sp/><ref refid="classprocess_1_1_form1_1afe54184f083a69b733900d0e7d2a4a2f" kindref="member">функцииToolStripMenuItem</ref><sp/>=<sp/></highlight><highlight class="keyword">new</highlight><highlight class="normal"><sp/>ToolStripMenuItem();</highlight></codeline>
<codeline lineno="39"><highlight class="normal"><sp/><sp/><sp/><sp/><sp/><sp/><sp/><sp/><sp/><sp/><sp/><sp/><ref refid="classprocess_1_1_form1_1a1d4efa3fd437f0a0e7aafe6523023c20" kindref="member">выходToolStripMenuItem</ref><sp/>=<sp/></highlight><highlight class="keyword">new</highlight><highlight class="normal"><sp/>ToolStripMenuItem();</highlight></codeline>
<codeline lineno="40"><highlight class="normal"><sp/><sp/><sp/><sp/><sp/><sp/><sp/><sp/><sp/><sp/><sp/><sp/><ref refid="classprocess_1_1_form1_1a6db604d8b5ba559c4f723aae4237ed2c" kindref="member">button2</ref><sp/>=<sp/></highlight><highlight class="keyword">new</highlight><highlight class="normal"><sp/>Button();</highlight></codeline>
<codeline lineno="41"><highlight class="normal"><sp/><sp/><sp/><sp/><sp/><sp/><sp/><sp/><sp/><sp/><sp/><sp/><ref refid="classprocess_1_1_form1_1a0dcea67c5665371bb52828775a27b549" kindref="member">menuStrip1</ref>.SuspendLayout();</highlight></codeline>
<codeline lineno="42"><highlight class="normal"><sp/><sp/><sp/><sp/><sp/><sp/><sp/><sp/><sp/><sp/><sp/><sp/>SuspendLayout();</highlight></codeline>
<codeline lineno="43"><highlight class="normal"><sp/><sp/><sp/><sp/><sp/><sp/><sp/><sp/><sp/><sp/><sp/><sp/></highlight><highlight class="comment">//<sp/></highlight><highlight class="normal"></highlight></codeline>
<codeline lineno="44"><highlight class="normal"><sp/><sp/><sp/><sp/><sp/><sp/><sp/><sp/><sp/><sp/><sp/><sp/></highlight><highlight class="comment">//<sp/>button1</highlight><highlight class="normal"></highlight></codeline>
<codeline lineno="45"><highlight class="normal"><sp/><sp/><sp/><sp/><sp/><sp/><sp/><sp/><sp/><sp/><sp/><sp/></highlight><highlight class="comment">//<sp/></highlight><highlight class="normal"></highlight></codeline>
<codeline lineno="46"><highlight class="normal"><sp/><sp/><sp/><sp/><sp/><sp/><sp/><sp/><sp/><sp/><sp/><sp/>button1.Anchor<sp/>=<sp/>AnchorStyles.Bottom<sp/>|<sp/>AnchorStyles.Right;</highlight></codeline>
<codeline lineno="47"><highlight class="normal"><sp/><sp/><sp/><sp/><sp/><sp/><sp/><sp/><sp/><sp/><sp/><sp/>button1.Location<sp/>=<sp/></highlight><highlight class="keyword">new</highlight><highlight class="normal"><sp/>Point(675,<sp/>448);</highlight></codeline>
<codeline lineno="48"><highlight class="normal"><sp/><sp/><sp/><sp/><sp/><sp/><sp/><sp/><sp/><sp/><sp/><sp/>button1.Name<sp/>=<sp/></highlight><highlight class="stringliteral">&quot;button1&quot;</highlight><highlight class="normal">;</highlight></codeline>
<codeline lineno="49"><highlight class="normal"><sp/><sp/><sp/><sp/><sp/><sp/><sp/><sp/><sp/><sp/><sp/><sp/>button1.Size<sp/>=<sp/></highlight><highlight class="keyword">new</highlight><highlight class="normal"><sp/>Size(99,<sp/>25);</highlight></codeline>
<codeline lineno="50"><highlight class="normal"><sp/><sp/><sp/><sp/><sp/><sp/><sp/><sp/><sp/><sp/><sp/><sp/>button1.TabIndex<sp/>=<sp/>0;</highlight></codeline>
<codeline lineno="51"><highlight class="normal"><sp/><sp/><sp/><sp/><sp/><sp/><sp/><sp/><sp/><sp/><sp/><sp/>button1.Text<sp/>=<sp/></highlight><highlight class="stringliteral">&quot;Снять<sp/>задачу&quot;</highlight><highlight class="normal">;</highlight></codeline>
<codeline lineno="52"><highlight class="normal"><sp/><sp/><sp/><sp/><sp/><sp/><sp/><sp/><sp/><sp/><sp/><sp/>button1.UseVisualStyleBackColor<sp/>=<sp/></highlight><highlight class="keyword">true</highlight><highlight class="normal">;</highlight></codeline>
<codeline lineno="53"><highlight class="normal"><sp/><sp/><sp/><sp/><sp/><sp/><sp/><sp/><sp/><sp/><sp/><sp/>button1.Click<sp/>+=<sp/><ref refid="classprocess_1_1_form1_1a080740ee11a6b2e0991abbaa599ccff7" kindref="member">button1_Click</ref>;</highlight></codeline>
<codeline lineno="54"><highlight class="normal"><sp/><sp/><sp/><sp/><sp/><sp/><sp/><sp/><sp/><sp/><sp/><sp/></highlight><highlight class="comment">//<sp/></highlight><highlight class="normal"></highlight></codeline>
<codeline lineno="55"><highlight class="normal"><sp/><sp/><sp/><sp/><sp/><sp/><sp/><sp/><sp/><sp/><sp/><sp/></highlight><highlight class="comment">//<sp/>listBox1</highlight><highlight class="normal"></highlight></codeline>
<codeline lineno="56"><highlight class="normal"><sp/><sp/><sp/><sp/><sp/><sp/><sp/><sp/><sp/><sp/><sp/><sp/></highlight><highlight class="comment">//<sp/></highlight><highlight class="normal"></highlight></codeline>
<codeline lineno="57"><highlight class="normal"><sp/><sp/><sp/><sp/><sp/><sp/><sp/><sp/><sp/><sp/><sp/><sp/>listBox1.Anchor<sp/>=<sp/>AnchorStyles.Top<sp/>|<sp/>AnchorStyles.Bottom<sp/>|<sp/>AnchorStyles.Left<sp/>|<sp/>AnchorStyles.Right;</highlight></codeline>
<codeline lineno="58"><highlight class="normal"><sp/><sp/><sp/><sp/><sp/><sp/><sp/><sp/><sp/><sp/><sp/><sp/>listBox1.BorderStyle<sp/>=<sp/>BorderStyle.FixedSingle;</highlight></codeline>
<codeline lineno="59"><highlight class="normal"><sp/><sp/><sp/><sp/><sp/><sp/><sp/><sp/><sp/><sp/><sp/><sp/>listBox1.FormattingEnabled<sp/>=<sp/></highlight><highlight class="keyword">true</highlight><highlight class="normal">;</highlight></codeline>
<codeline lineno="60"><highlight class="normal"><sp/><sp/><sp/><sp/><sp/><sp/><sp/><sp/><sp/><sp/><sp/><sp/>listBox1.ItemHeight<sp/>=<sp/>15;</highlight></codeline>
<codeline lineno="61"><highlight class="normal"><sp/><sp/><sp/><sp/><sp/><sp/><sp/><sp/><sp/><sp/><sp/><sp/>listBox1.Location<sp/>=<sp/></highlight><highlight class="keyword">new</highlight><highlight class="normal"><sp/>Point(12,<sp/>35);</highlight></codeline>
<codeline lineno="62"><highlight class="normal"><sp/><sp/><sp/><sp/><sp/><sp/><sp/><sp/><sp/><sp/><sp/><sp/>listBox1.MinimumSize<sp/>=<sp/></highlight><highlight class="keyword">new</highlight><highlight class="normal"><sp/>Size(549,<sp/>306);</highlight></codeline>
<codeline lineno="63"><highlight class="normal"><sp/><sp/><sp/><sp/><sp/><sp/><sp/><sp/><sp/><sp/><sp/><sp/>listBox1.Name<sp/>=<sp/></highlight><highlight class="stringliteral">&quot;listBox1&quot;</highlight><highlight class="normal">;</highlight></codeline>
<codeline lineno="64"><highlight class="normal"><sp/><sp/><sp/><sp/><sp/><sp/><sp/><sp/><sp/><sp/><sp/><sp/>listBox1.ScrollAlwaysVisible<sp/>=<sp/></highlight><highlight class="keyword">true</highlight><highlight class="normal">;</highlight></codeline>
<codeline lineno="65"><highlight class="normal"><sp/><sp/><sp/><sp/><sp/><sp/><sp/><sp/><sp/><sp/><sp/><sp/>listBox1.Size<sp/>=<sp/></highlight><highlight class="keyword">new</highlight><highlight class="normal"><sp/>Size(776,<sp/>407);</highlight></codeline>
<codeline lineno="66"><highlight class="normal"><sp/><sp/><sp/><sp/><sp/><sp/><sp/><sp/><sp/><sp/><sp/><sp/>listBox1.Sorted<sp/>=<sp/></highlight><highlight class="keyword">true</highlight><highlight class="normal">;</highlight></codeline>
<codeline lineno="67"><highlight class="normal"><sp/><sp/><sp/><sp/><sp/><sp/><sp/><sp/><sp/><sp/><sp/><sp/>listBox1.TabIndex<sp/>=<sp/>1;</highlight></codeline>
<codeline lineno="68"><highlight class="normal"><sp/><sp/><sp/><sp/><sp/><sp/><sp/><sp/><sp/><sp/><sp/><sp/>listBox1.SelectedIndexChanged<sp/>+=<sp/><ref refid="classprocess_1_1_form1_1a4eddde70df634ef074aab7d813011ff2" kindref="member">listBox1_SelectedIndexChanged_1</ref>;</highlight></codeline>
<codeline lineno="69"><highlight class="normal"><sp/><sp/><sp/><sp/><sp/><sp/><sp/><sp/><sp/><sp/><sp/><sp/></highlight><highlight class="comment">//<sp/></highlight><highlight class="normal"></highlight></codeline>
<codeline lineno="70"><highlight class="normal"><sp/><sp/><sp/><sp/><sp/><sp/><sp/><sp/><sp/><sp/><sp/><sp/></highlight><highlight class="comment">//<sp/>timer1</highlight><highlight class="normal"></highlight></codeline>
<codeline lineno="71"><highlight class="normal"><sp/><sp/><sp/><sp/><sp/><sp/><sp/><sp/><sp/><sp/><sp/><sp/></highlight><highlight class="comment">//<sp/></highlight><highlight class="normal"></highlight></codeline>
<codeline lineno="72"><highlight class="normal"><sp/><sp/><sp/><sp/><sp/><sp/><sp/><sp/><sp/><sp/><sp/><sp/>timer1.Tick<sp/>+=<sp/><ref refid="classprocess_1_1_form1_1a8b57b49439855edbd6b3915edfba1df6" kindref="member">timer1_Tick</ref>;</highlight></codeline>
<codeline lineno="73"><highlight class="normal"><sp/><sp/><sp/><sp/><sp/><sp/><sp/><sp/><sp/><sp/><sp/><sp/></highlight><highlight class="comment">//<sp/></highlight><highlight class="normal"></highlight></codeline>
<codeline lineno="74"><highlight class="normal"><sp/><sp/><sp/><sp/><sp/><sp/><sp/><sp/><sp/><sp/><sp/><sp/></highlight><highlight class="comment">//<sp/>textBox1</highlight><highlight class="normal"></highlight></codeline>
<codeline lineno="75"><highlight class="normal"><sp/><sp/><sp/><sp/><sp/><sp/><sp/><sp/><sp/><sp/><sp/><sp/></highlight><highlight class="comment">//<sp/></highlight><highlight class="normal"></highlight></codeline>
<codeline lineno="76"><highlight class="normal"><sp/><sp/><sp/><sp/><sp/><sp/><sp/><sp/><sp/><sp/><sp/><sp/>textBox1.Anchor<sp/>=<sp/>AnchorStyles.Bottom<sp/>|<sp/>AnchorStyles.Left;</highlight></codeline>
<codeline lineno="77"><highlight class="normal"><sp/><sp/><sp/><sp/><sp/><sp/><sp/><sp/><sp/><sp/><sp/><sp/>textBox1.ForeColor<sp/>=<sp/>SystemColors.WindowText;</highlight></codeline>
<codeline lineno="78"><highlight class="normal"><sp/><sp/><sp/><sp/><sp/><sp/><sp/><sp/><sp/><sp/><sp/><sp/>textBox1.Location<sp/>=<sp/></highlight><highlight class="keyword">new</highlight><highlight class="normal"><sp/>Point(12,<sp/>448);</highlight></codeline>
<codeline lineno="79"><highlight class="normal"><sp/><sp/><sp/><sp/><sp/><sp/><sp/><sp/><sp/><sp/><sp/><sp/>textBox1.Name<sp/>=<sp/></highlight><highlight class="stringliteral">&quot;textBox1&quot;</highlight><highlight class="normal">;</highlight></codeline>
<codeline lineno="80"><highlight class="normal"><sp/><sp/><sp/><sp/><sp/><sp/><sp/><sp/><sp/><sp/><sp/><sp/>textBox1.PlaceholderText<sp/>=<sp/></highlight><highlight class="stringliteral">&quot;Снять<sp/>задачу&quot;</highlight><highlight class="normal">;</highlight></codeline>
<codeline lineno="81"><highlight class="normal"><sp/><sp/><sp/><sp/><sp/><sp/><sp/><sp/><sp/><sp/><sp/><sp/>textBox1.ScrollBars<sp/>=<sp/>ScrollBars.Vertical;</highlight></codeline>
<codeline lineno="82"><highlight class="normal"><sp/><sp/><sp/><sp/><sp/><sp/><sp/><sp/><sp/><sp/><sp/><sp/>textBox1.Size<sp/>=<sp/></highlight><highlight class="keyword">new</highlight><highlight class="normal"><sp/>Size(262,<sp/>23);</highlight></codeline>
<codeline lineno="83"><highlight class="normal"><sp/><sp/><sp/><sp/><sp/><sp/><sp/><sp/><sp/><sp/><sp/><sp/>textBox1.TabIndex<sp/>=<sp/>2;</highlight></codeline>
<codeline lineno="84"><highlight class="normal"><sp/><sp/><sp/><sp/><sp/><sp/><sp/><sp/><sp/><sp/><sp/><sp/>textBox1.TextChanged<sp/>+=<sp/><ref refid="classprocess_1_1_form1_1a30893a86fbaf677768bb8de1737fe586" kindref="member">textBox1_TextChanged</ref>;</highlight></codeline>
<codeline lineno="85"><highlight class="normal"><sp/><sp/><sp/><sp/><sp/><sp/><sp/><sp/><sp/><sp/><sp/><sp/></highlight><highlight class="comment">//<sp/></highlight><highlight class="normal"></highlight></codeline>
<codeline lineno="86"><highlight class="normal"><sp/><sp/><sp/><sp/><sp/><sp/><sp/><sp/><sp/><sp/><sp/><sp/></highlight><highlight class="comment">//<sp/>menuStrip1</highlight><highlight class="normal"></highlight></codeline>
<codeline lineno="87"><highlight class="normal"><sp/><sp/><sp/><sp/><sp/><sp/><sp/><sp/><sp/><sp/><sp/><sp/></highlight><highlight class="comment">//<sp/></highlight><highlight class="normal"></highlight></codeline>
<codeline lineno="88"><highlight class="normal"><sp/><sp/><sp/><sp/><sp/><sp/><sp/><sp/><sp/><sp/><sp/><sp/><ref refid="classprocess_1_1_form1_1a0dcea67c5665371bb52828775a27b549" kindref="member">menuStrip1</ref>.Items.AddRange(</highlight><highlight class="keyword">new</highlight><highlight class="normal"><sp/>ToolStripItem[]<sp/>{<sp/><ref refid="classprocess_1_1_form1_1af0129ef9e78b038b72d3e4bfef4e21cc" kindref="member">toolStripMenuItem1</ref><sp/>});</highlight></codeline>
<codeline lineno="89"><highlight class="normal"><sp/><sp/><sp/><sp/><sp/><sp/><sp/><sp/><sp/><sp/><sp/><sp/>menuStrip1.Location<sp/>=<sp/></highlight><highlight class="keyword">new</highlight><highlight class="normal"><sp/>Point(0,<sp/>0);</highlight></codeline>
<codeline lineno="90"><highlight class="normal"><sp/><sp/><sp/><sp/><sp/><sp/><sp/><sp/><sp/><sp/><sp/><sp/>menuStrip1.Name<sp/>=<sp/></highlight><highlight class="stringliteral">&quot;menuStrip1&quot;</highlight><highlight class="normal">;</highlight></codeline>
<codeline lineno="91"><highlight class="normal"><sp/><sp/><sp/><sp/><sp/><sp/><sp/><sp/><sp/><sp/><sp/><sp/>menuStrip1.Size<sp/>=<sp/></highlight><highlight class="keyword">new</highlight><highlight class="normal"><sp/>Size(800,<sp/>24);</highlight></codeline>
<codeline lineno="92"><highlight class="normal"><sp/><sp/><sp/><sp/><sp/><sp/><sp/><sp/><sp/><sp/><sp/><sp/>menuStrip1.TabIndex<sp/>=<sp/>3;</highlight></codeline>
<codeline lineno="93"><highlight class="normal"><sp/><sp/><sp/><sp/><sp/><sp/><sp/><sp/><sp/><sp/><sp/><sp/>menuStrip1.Text<sp/>=<sp/></highlight><highlight class="stringliteral">&quot;menuStrip1&quot;</highlight><highlight class="normal">;</highlight></codeline>
<codeline lineno="94"><highlight class="normal"><sp/><sp/><sp/><sp/><sp/><sp/><sp/><sp/><sp/><sp/><sp/><sp/></highlight><highlight class="comment">//<sp/></highlight><highlight class="normal"></highlight></codeline>
<codeline lineno="95"><highlight class="normal"><sp/><sp/><sp/><sp/><sp/><sp/><sp/><sp/><sp/><sp/><sp/><sp/></highlight><highlight class="comment">//<sp/>toolStripMenuItem1</highlight><highlight class="normal"></highlight></codeline>
<codeline lineno="96"><highlight class="normal"><sp/><sp/><sp/><sp/><sp/><sp/><sp/><sp/><sp/><sp/><sp/><sp/></highlight><highlight class="comment">//<sp/></highlight><highlight class="normal"></highlight></codeline>
<codeline lineno="97"><highlight class="normal"><sp/><sp/><sp/><sp/><sp/><sp/><sp/><sp/><sp/><sp/><sp/><sp/><ref refid="classprocess_1_1_form1_1af0129ef9e78b038b72d3e4bfef4e21cc" kindref="member">toolStripMenuItem1</ref>.DropDownItems.AddRange(</highlight><highlight class="keyword">new</highlight><highlight class="normal"><sp/>ToolStripItem[]<sp/>{<sp/><ref refid="classprocess_1_1_form1_1afe54184f083a69b733900d0e7d2a4a2f" kindref="member">функцииToolStripMenuItem</ref>,<sp/><ref refid="classprocess_1_1_form1_1a1d4efa3fd437f0a0e7aafe6523023c20" kindref="member">выходToolStripMenuItem</ref><sp/>});</highlight></codeline>
<codeline lineno="98"><highlight class="normal"><sp/><sp/><sp/><sp/><sp/><sp/><sp/><sp/><sp/><sp/><sp/><sp/>toolStripMenuItem1.Name<sp/>=<sp/></highlight><highlight class="stringliteral">&quot;toolStripMenuItem1&quot;</highlight><highlight class="normal">;</highlight></codeline>
<codeline lineno="99"><highlight class="normal"><sp/><sp/><sp/><sp/><sp/><sp/><sp/><sp/><sp/><sp/><sp/><sp/>toolStripMenuItem1.Size<sp/>=<sp/></highlight><highlight class="keyword">new</highlight><highlight class="normal"><sp/>Size(68,<sp/>20);</highlight></codeline>
<codeline lineno="100"><highlight class="normal"><sp/><sp/><sp/><sp/><sp/><sp/><sp/><sp/><sp/><sp/><sp/><sp/>toolStripMenuItem1.Text<sp/>=<sp/></highlight><highlight class="stringliteral">&quot;Функции&quot;</highlight><highlight class="normal">;</highlight></codeline>
<codeline lineno="101"><highlight class="normal"><sp/><sp/><sp/><sp/><sp/><sp/><sp/><sp/><sp/><sp/><sp/><sp/></highlight><highlight class="comment">//<sp/></highlight><highlight class="normal"></highlight></codeline>
<codeline lineno="102"><highlight class="normal"><sp/><sp/><sp/><sp/><sp/><sp/><sp/><sp/><sp/><sp/><sp/><sp/></highlight><highlight class="comment">//<sp/>функцииToolStripMenuItem</highlight><highlight class="normal"></highlight></codeline>
<codeline lineno="103"><highlight class="normal"><sp/><sp/><sp/><sp/><sp/><sp/><sp/><sp/><sp/><sp/><sp/><sp/></highlight><highlight class="comment">//<sp/></highlight><highlight class="normal"></highlight></codeline>
<codeline lineno="104"><highlight class="normal"><sp/><sp/><sp/><sp/><sp/><sp/><sp/><sp/><sp/><sp/><sp/><sp/>функцииToolStripMenuItem.Name<sp/>=<sp/></highlight><highlight class="stringliteral">&quot;функцииToolStripMenuItem&quot;</highlight><highlight class="normal">;</highlight></codeline>
<codeline lineno="105"><highlight class="normal"><sp/><sp/><sp/><sp/><sp/><sp/><sp/><sp/><sp/><sp/><sp/><sp/>функцииToolStripMenuItem.Size<sp/>=<sp/></highlight><highlight class="keyword">new</highlight><highlight class="normal"><sp/>Size(189,<sp/>22);</highlight></codeline>
<codeline lineno="106"><highlight class="normal"><sp/><sp/><sp/><sp/><sp/><sp/><sp/><sp/><sp/><sp/><sp/><sp/>функцииToolStripMenuItem.Text<sp/>=<sp/></highlight><highlight class="stringliteral">&quot;Запуск<sp/>новой<sp/>задачи&quot;</highlight><highlight class="normal">;</highlight></codeline>
<codeline lineno="107"><highlight class="normal"><sp/><sp/><sp/><sp/><sp/><sp/><sp/><sp/><sp/><sp/><sp/><sp/>функцииToolStripMenuItem.Click<sp/>+=<sp/>функцииToolStripMenuItem_Click;</highlight></codeline>
<codeline lineno="108"><highlight class="normal"><sp/><sp/><sp/><sp/><sp/><sp/><sp/><sp/><sp/><sp/><sp/><sp/></highlight><highlight class="comment">//<sp/></highlight><highlight class="normal"></highlight></codeline>
<codeline lineno="109"><highlight class="normal"><sp/><sp/><sp/><sp/><sp/><sp/><sp/><sp/><sp/><sp/><sp/><sp/></highlight><highlight class="comment">//<sp/>выходToolStripMenuItem</highlight><highlight class="normal"></highlight></codeline>
<codeline lineno="110"><highlight class="normal"><sp/><sp/><sp/><sp/><sp/><sp/><sp/><sp/><sp/><sp/><sp/><sp/></highlight><highlight class="comment">//<sp/></highlight><highlight class="normal"></highlight></codeline>
<codeline lineno="111"><highlight class="normal"><sp/><sp/><sp/><sp/><sp/><sp/><sp/><sp/><sp/><sp/><sp/><sp/>выходToolStripMenuItem.Name<sp/>=<sp/></highlight><highlight class="stringliteral">&quot;выходToolStripMenuItem&quot;</highlight><highlight class="normal">;</highlight></codeline>
<codeline lineno="112"><highlight class="normal"><sp/><sp/><sp/><sp/><sp/><sp/><sp/><sp/><sp/><sp/><sp/><sp/>выходToolStripMenuItem.Size<sp/>=<sp/></highlight><highlight class="keyword">new</highlight><highlight class="normal"><sp/>Size(189,<sp/>22);</highlight></codeline>
<codeline lineno="113"><highlight class="normal"><sp/><sp/><sp/><sp/><sp/><sp/><sp/><sp/><sp/><sp/><sp/><sp/>выходToolStripMenuItem.Text<sp/>=<sp/></highlight><highlight class="stringliteral">&quot;Выход&quot;</highlight><highlight class="normal">;</highlight></codeline>
<codeline lineno="114"><highlight class="normal"><sp/><sp/><sp/><sp/><sp/><sp/><sp/><sp/><sp/><sp/><sp/><sp/>выходToolStripMenuItem.Click<sp/>+=<sp/>выходToolStripMenuItem_Click;</highlight></codeline>
<codeline lineno="115"><highlight class="normal"><sp/><sp/><sp/><sp/><sp/><sp/><sp/><sp/><sp/><sp/><sp/><sp/></highlight><highlight class="comment">//<sp/></highlight><highlight class="normal"></highlight></codeline>
<codeline lineno="116"><highlight class="normal"><sp/><sp/><sp/><sp/><sp/><sp/><sp/><sp/><sp/><sp/><sp/><sp/></highlight><highlight class="comment">//<sp/>button2</highlight><highlight class="normal"></highlight></codeline>
<codeline lineno="117"><highlight class="normal"><sp/><sp/><sp/><sp/><sp/><sp/><sp/><sp/><sp/><sp/><sp/><sp/></highlight><highlight class="comment">//<sp/></highlight><highlight class="normal"></highlight></codeline>
<codeline lineno="118"><highlight class="normal"><sp/><sp/><sp/><sp/><sp/><sp/><sp/><sp/><sp/><sp/><sp/><sp/>button2.Anchor<sp/>=<sp/>AnchorStyles.Bottom<sp/>|<sp/>AnchorStyles.Left;</highlight></codeline>
<codeline lineno="119"><highlight class="normal"><sp/><sp/><sp/><sp/><sp/><sp/><sp/><sp/><sp/><sp/><sp/><sp/>button2.Location<sp/>=<sp/></highlight><highlight class="keyword">new</highlight><highlight class="normal"><sp/>Point(280,<sp/>448);</highlight></codeline>
<codeline lineno="120"><highlight class="normal"><sp/><sp/><sp/><sp/><sp/><sp/><sp/><sp/><sp/><sp/><sp/><sp/>button2.Name<sp/>=<sp/></highlight><highlight class="stringliteral">&quot;button2&quot;</highlight><highlight class="normal">;</highlight></codeline>
<codeline lineno="121"><highlight class="normal"><sp/><sp/><sp/><sp/><sp/><sp/><sp/><sp/><sp/><sp/><sp/><sp/>button2.Size<sp/>=<sp/></highlight><highlight class="keyword">new</highlight><highlight class="normal"><sp/>Size(83,<sp/>23);</highlight></codeline>
<codeline lineno="122"><highlight class="normal"><sp/><sp/><sp/><sp/><sp/><sp/><sp/><sp/><sp/><sp/><sp/><sp/>button2.TabIndex<sp/>=<sp/>4;</highlight></codeline>
<codeline lineno="123"><highlight class="normal"><sp/><sp/><sp/><sp/><sp/><sp/><sp/><sp/><sp/><sp/><sp/><sp/>button2.Text<sp/>=<sp/></highlight><highlight class="stringliteral">&quot;Снять<sp/>Задачу&quot;</highlight><highlight class="normal">;</highlight></codeline>
<codeline lineno="124"><highlight class="normal"><sp/><sp/><sp/><sp/><sp/><sp/><sp/><sp/><sp/><sp/><sp/><sp/>button2.UseVisualStyleBackColor<sp/>=<sp/></highlight><highlight class="keyword">true</highlight><highlight class="normal">;</highlight></codeline>
<codeline lineno="125"><highlight class="normal"><sp/><sp/><sp/><sp/><sp/><sp/><sp/><sp/><sp/><sp/><sp/><sp/>button2.Click<sp/>+=<sp/><ref refid="classprocess_1_1_form1_1ad592557aec43eefc84b232a0ce3b83be" kindref="member">button2_Click</ref>;</highlight></codeline>
<codeline lineno="126"><highlight class="normal"><sp/><sp/><sp/><sp/><sp/><sp/><sp/><sp/><sp/><sp/><sp/><sp/></highlight><highlight class="comment">//<sp/></highlight><highlight class="normal"></highlight></codeline>
<codeline lineno="127"><highlight class="normal"><sp/><sp/><sp/><sp/><sp/><sp/><sp/><sp/><sp/><sp/><sp/><sp/></highlight><highlight class="comment">//<sp/>Form1</highlight><highlight class="normal"></highlight></codeline>
<codeline lineno="128"><highlight class="normal"><sp/><sp/><sp/><sp/><sp/><sp/><sp/><sp/><sp/><sp/><sp/><sp/></highlight><highlight class="comment">//<sp/></highlight><highlight class="normal"></highlight></codeline>
<codeline lineno="129"><highlight class="normal"><sp/><sp/><sp/><sp/><sp/><sp/><sp/><sp/><sp/><sp/><sp/><sp/>AutoScaleDimensions<sp/>=<sp/></highlight><highlight class="keyword">new</highlight><highlight class="normal"><sp/>SizeF(7F,<sp/>15F);</highlight></codeline>
<codeline lineno="130"><highlight class="normal"><sp/><sp/><sp/><sp/><sp/><sp/><sp/><sp/><sp/><sp/><sp/><sp/>AutoScaleMode<sp/>=<sp/>AutoScaleMode.Font;</highlight></codeline>
<codeline lineno="131"><highlight class="normal"><sp/><sp/><sp/><sp/><sp/><sp/><sp/><sp/><sp/><sp/><sp/><sp/>BackColor<sp/>=<sp/>SystemColors.ButtonHighlight;</highlight></codeline>
<codeline lineno="132"><highlight class="normal"><sp/><sp/><sp/><sp/><sp/><sp/><sp/><sp/><sp/><sp/><sp/><sp/>ClientSize<sp/>=<sp/></highlight><highlight class="keyword">new</highlight><highlight class="normal"><sp/>Size(800,<sp/>483);</highlight></codeline>
<codeline lineno="133"><highlight class="normal"><sp/><sp/><sp/><sp/><sp/><sp/><sp/><sp/><sp/><sp/><sp/><sp/>Controls.Add(<ref refid="classprocess_1_1_form1_1a6db604d8b5ba559c4f723aae4237ed2c" kindref="member">button2</ref>);</highlight></codeline>
<codeline lineno="134"><highlight class="normal"><sp/><sp/><sp/><sp/><sp/><sp/><sp/><sp/><sp/><sp/><sp/><sp/>Controls.Add(<ref refid="classprocess_1_1_form1_1ac1a81aed3101efcde06ee0a3010c9de5" kindref="member">listBox1</ref>);</highlight></codeline>
<codeline lineno="135"><highlight class="normal"><sp/><sp/><sp/><sp/><sp/><sp/><sp/><sp/><sp/><sp/><sp/><sp/>Controls.Add(<ref refid="classprocess_1_1_form1_1a388c3bfad11bdfd13f4404dcbd4f785f" kindref="member">textBox1</ref>);</highlight></codeline>
<codeline lineno="136"><highlight class="normal"><sp/><sp/><sp/><sp/><sp/><sp/><sp/><sp/><sp/><sp/><sp/><sp/>Controls.Add(<ref refid="classprocess_1_1_form1_1a78dc5d579d51a8cd54a59bd5cbb7ef21" kindref="member">button1</ref>);</highlight></codeline>
<codeline lineno="137"><highlight class="normal"><sp/><sp/><sp/><sp/><sp/><sp/><sp/><sp/><sp/><sp/><sp/><sp/>Controls.Add(<ref refid="classprocess_1_1_form1_1a0dcea67c5665371bb52828775a27b549" kindref="member">menuStrip1</ref>);</highlight></codeline>
<codeline lineno="138"><highlight class="normal"><sp/><sp/><sp/><sp/><sp/><sp/><sp/><sp/><sp/><sp/><sp/><sp/>MainMenuStrip<sp/>=<sp/><ref refid="classprocess_1_1_form1_1a0dcea67c5665371bb52828775a27b549" kindref="member">menuStrip1</ref>;</highlight></codeline>
<codeline lineno="139"><highlight class="normal"><sp/><sp/><sp/><sp/><sp/><sp/><sp/><sp/><sp/><sp/><sp/><sp/>MinimumSize<sp/>=<sp/></highlight><highlight class="keyword">new</highlight><highlight class="normal"><sp/>Size(246,<sp/>362);</highlight></codeline>
<codeline lineno="140"><highlight class="normal"><sp/><sp/><sp/><sp/><sp/><sp/><sp/><sp/><sp/><sp/><sp/><sp/>Name<sp/>=<sp/></highlight><highlight class="stringliteral">&quot;Form1&quot;</highlight><highlight class="normal">;</highlight></codeline>
<codeline lineno="141"><highlight class="normal"><sp/><sp/><sp/><sp/><sp/><sp/><sp/><sp/><sp/><sp/><sp/><sp/>Text<sp/>=<sp/></highlight><highlight class="stringliteral">&quot;Диспетчер<sp/>задач&quot;</highlight><highlight class="normal">;</highlight></codeline>
<codeline lineno="142"><highlight class="normal"><sp/><sp/><sp/><sp/><sp/><sp/><sp/><sp/><sp/><sp/><sp/><sp/>Load<sp/>+=<sp/><ref refid="classprocess_1_1_form1_1a92038ace38e84a3c77c88fa0edf4dfa2" kindref="member">Form1_Load</ref>;</highlight></codeline>
<codeline lineno="143"><highlight class="normal"><sp/><sp/><sp/><sp/><sp/><sp/><sp/><sp/><sp/><sp/><sp/><sp/><ref refid="classprocess_1_1_form1_1a0dcea67c5665371bb52828775a27b549" kindref="member">menuStrip1</ref>.ResumeLayout(</highlight><highlight class="keyword">false</highlight><highlight class="normal">);</highlight></codeline>
<codeline lineno="144"><highlight class="normal"><sp/><sp/><sp/><sp/><sp/><sp/><sp/><sp/><sp/><sp/><sp/><sp/><ref refid="classprocess_1_1_form1_1a0dcea67c5665371bb52828775a27b549" kindref="member">menuStrip1</ref>.PerformLayout();</highlight></codeline>
<codeline lineno="145"><highlight class="normal"><sp/><sp/><sp/><sp/><sp/><sp/><sp/><sp/><sp/><sp/><sp/><sp/>ResumeLayout(</highlight><highlight class="keyword">false</highlight><highlight class="normal">);</highlight></codeline>
<codeline lineno="146"><highlight class="normal"><sp/><sp/><sp/><sp/><sp/><sp/><sp/><sp/><sp/><sp/><sp/><sp/>PerformLayout();</highlight></codeline>
<codeline lineno="147"><highlight class="normal"><sp/><sp/><sp/><sp/><sp/><sp/><sp/><sp/>}</highlight></codeline>
<codeline lineno="148"><highlight class="normal"></highlight></codeline>
<codeline lineno="149"><highlight class="normal"></highlight><highlight class="preprocessor"><sp/><sp/><sp/><sp/><sp/><sp/><sp/><sp/>#endregion</highlight><highlight class="normal"></highlight></codeline>
<codeline lineno="150"><highlight class="normal"></highlight></codeline>
<codeline lineno="151"><highlight class="normal"><sp/><sp/><sp/><sp/><sp/><sp/><sp/><sp/></highlight><highlight class="keyword">private</highlight><highlight class="normal"><sp/>Button<sp/><ref refid="classprocess_1_1_form1_1a78dc5d579d51a8cd54a59bd5cbb7ef21" kindref="member">button1</ref>;</highlight></codeline>
<codeline lineno="152"><highlight class="normal"><sp/><sp/><sp/><sp/><sp/><sp/><sp/><sp/></highlight><highlight class="keyword">private</highlight><highlight class="normal"><sp/>ListBox<sp/><ref refid="classprocess_1_1_form1_1ac1a81aed3101efcde06ee0a3010c9de5" kindref="member">listBox1</ref>;</highlight></codeline>
<codeline lineno="153"><highlight class="normal"><sp/><sp/><sp/><sp/><sp/><sp/><sp/><sp/></highlight><highlight class="keyword">private</highlight><highlight class="normal"><sp/>System.Windows.Forms.Timer<sp/><ref refid="classprocess_1_1_form1_1a828b1b497ff9f83bc2f525537b11bd2a" kindref="member">timer1</ref>;</highlight></codeline>
<codeline lineno="154"><highlight class="normal"><sp/><sp/><sp/><sp/><sp/><sp/><sp/><sp/></highlight><highlight class="keyword">private</highlight><highlight class="normal"><sp/>TextBox<sp/><ref refid="classprocess_1_1_form1_1a388c3bfad11bdfd13f4404dcbd4f785f" kindref="member">textBox1</ref>;</highlight></codeline>
<codeline lineno="155"><highlight class="normal"><sp/><sp/><sp/><sp/><sp/><sp/><sp/><sp/></highlight><highlight class="keyword">private</highlight><highlight class="normal"><sp/>MenuStrip<sp/><ref refid="classprocess_1_1_form1_1a0dcea67c5665371bb52828775a27b549" kindref="member">menuStrip1</ref>;</highlight></codeline>
<codeline lineno="156"><highlight class="normal"><sp/><sp/><sp/><sp/><sp/><sp/><sp/><sp/></highlight><highlight class="keyword">private</highlight><highlight class="normal"><sp/>ToolStripMenuItem<sp/><ref refid="classprocess_1_1_form1_1af0129ef9e78b038b72d3e4bfef4e21cc" kindref="member">toolStripMenuItem1</ref>;</highlight></codeline>
<codeline lineno="157"><highlight class="normal"><sp/><sp/><sp/><sp/><sp/><sp/><sp/><sp/></highlight><highlight class="keyword">private</highlight><highlight class="normal"><sp/>ToolStripMenuItem<sp/><ref refid="classprocess_1_1_form1_1afe54184f083a69b733900d0e7d2a4a2f" kindref="member">функцииToolStripMenuItem</ref>;</highlight></codeline>
<codeline lineno="158"><highlight class="normal"><sp/><sp/><sp/><sp/><sp/><sp/><sp/><sp/></highlight><highlight class="keyword">private</highlight><highlight class="normal"><sp/>ToolStripMenuItem<sp/><ref refid="classprocess_1_1_form1_1a1d4efa3fd437f0a0e7aafe6523023c20" kindref="member">выходToolStripMenuItem</ref>;</highlight></codeline>
<codeline lineno="159"><highlight class="normal"><sp/><sp/><sp/><sp/><sp/><sp/><sp/><sp/></highlight><highlight class="keyword">private</highlight><highlight class="normal"><sp/>Button<sp/><ref refid="classprocess_1_1_form1_1a6db604d8b5ba559c4f723aae4237ed2c" kindref="member">button2</ref>;</highlight></codeline>
<codeline lineno="160"><highlight class="normal"><sp/><sp/><sp/><sp/>}</highlight></codeline>
<codeline lineno="161"><highlight class="normal">}</highlight></codeline>
    </programlisting>
    <location file="Form1.Designer.cs"/>
  </compounddef>
</doxygen>
