<?xml version='1.0' encoding='UTF-8' standalone='no'?>
<doxygen xmlns:xsi="http://www.w3.org/2001/XMLSchema-instance" xsi:noNamespaceSchemaLocation="compound.xsd" version="1.10.0" xml:lang="en-US">
  <compounddef id="_form2_8cs" kind="file" language="C#">
    <compoundname>Form2.cs</compoundname>
    <innerclass refid="classprocess_1_1_form2" prot="public">process::Form2</innerclass>
    <innernamespace refid="namespaceprocess">process</innernamespace>
    <innernamespace refid="namespace_microsoft_1_1_visual_basic">Microsoft::VisualBasic</innernamespace>
    <innernamespace refid="namespace_system">System</innernamespace>
    <innernamespace refid="namespace_system_1_1_collections_1_1_generic">System::Collections::Generic</innernamespace>
    <innernamespace refid="namespace_system_1_1_component_model">System::ComponentModel</innernamespace>
    <innernamespace refid="namespace_system_1_1_data">System::Data</innernamespace>
    <innernamespace refid="namespace_system_1_1_drawing">System::Drawing</innernamespace>
    <innernamespace refid="namespace_system_1_1_linq">System::Linq</innernamespace>
    <innernamespace refid="namespace_system_1_1_text">System::Text</innernamespace>
    <innernamespace refid="namespace_system_1_1_threading_1_1_tasks">System::Threading::Tasks</innernamespace>
    <innernamespace refid="namespace_system_1_1_windows_1_1_forms">System::Windows::Forms</innernamespace>
    <briefdescription>
    </briefdescription>
    <detaileddescription>
    </detaileddescription>
    <programlisting>
<codeline lineno="1"><highlight class="keyword">using<sp/></highlight><highlight class="normal">Microsoft.VisualBasic;</highlight></codeline>
<codeline lineno="2"><highlight class="normal"></highlight><highlight class="keyword">using<sp/></highlight><highlight class="normal">System;</highlight></codeline>
<codeline lineno="3"><highlight class="normal"></highlight><highlight class="keyword">using<sp/></highlight><highlight class="normal">System.Collections.Generic;</highlight></codeline>
<codeline lineno="4"><highlight class="normal"></highlight><highlight class="keyword">using<sp/></highlight><highlight class="normal">System.ComponentModel;</highlight></codeline>
<codeline lineno="5"><highlight class="normal"></highlight><highlight class="keyword">using<sp/></highlight><highlight class="normal">System.Data;</highlight></codeline>
<codeline lineno="6"><highlight class="normal"></highlight><highlight class="keyword">using<sp/></highlight><highlight class="normal">System.Diagnostics;</highlight></codeline>
<codeline lineno="7"><highlight class="normal"></highlight><highlight class="keyword">using<sp/></highlight><highlight class="normal">System.Drawing;</highlight></codeline>
<codeline lineno="8"><highlight class="normal"></highlight><highlight class="keyword">using<sp/></highlight><highlight class="normal">System.Linq;</highlight></codeline>
<codeline lineno="9"><highlight class="normal"></highlight><highlight class="keyword">using<sp/></highlight><highlight class="normal">System.Text;</highlight></codeline>
<codeline lineno="10"><highlight class="normal"></highlight><highlight class="keyword">using<sp/></highlight><highlight class="normal">System.Threading.Tasks;</highlight></codeline>
<codeline lineno="11"><highlight class="normal"></highlight><highlight class="keyword">using<sp/></highlight><highlight class="normal">System.Windows.Forms;</highlight></codeline>
<codeline lineno="12"><highlight class="normal"></highlight></codeline>
<codeline lineno="13"><highlight class="normal"></highlight><highlight class="keyword">namespace<sp/></highlight><highlight class="normal"><ref refid="namespaceprocess" kindref="compound">process</ref></highlight></codeline>
<codeline lineno="14"><highlight class="normal">{</highlight></codeline>
<codeline lineno="15" refid="classprocess_1_1_form2" refkind="compound"><highlight class="normal"><sp/><sp/><sp/><sp/></highlight><highlight class="keyword">public</highlight><highlight class="normal"><sp/></highlight><highlight class="keyword">partial<sp/>class<sp/></highlight><highlight class="normal"><ref refid="classprocess_1_1_form2" kindref="compound">Form2</ref><sp/>:<sp/>Form</highlight></codeline>
<codeline lineno="16"><highlight class="normal"><sp/><sp/><sp/><sp/>{</highlight></codeline>
<codeline lineno="17"><highlight class="normal"><sp/><sp/><sp/><sp/><sp/><sp/><sp/><sp/></highlight><highlight class="keyword">public</highlight><highlight class="normal"><sp/><ref refid="classprocess_1_1_form2_1a23528e9aa15931f193a8b2afe8c3edeb" kindref="member">Form2</ref>()</highlight></codeline>
<codeline lineno="18"><highlight class="normal"><sp/><sp/><sp/><sp/><sp/><sp/><sp/><sp/>{</highlight></codeline>
<codeline lineno="19"><highlight class="normal"><sp/><sp/><sp/><sp/><sp/><sp/><sp/><sp/><sp/><sp/><sp/><sp/><ref refid="classprocess_1_1_form2_1a66fbbd3a44fe572215c49975e0c6e8e5" kindref="member">InitializeComponent</ref>();</highlight></codeline>
<codeline lineno="20"><highlight class="normal"><sp/><sp/><sp/><sp/><sp/><sp/><sp/><sp/>}</highlight></codeline>
<codeline lineno="21"><highlight class="normal"></highlight></codeline>
<codeline lineno="22"><highlight class="normal"><sp/><sp/><sp/><sp/><sp/><sp/><sp/><sp/></highlight><highlight class="keyword">private</highlight><highlight class="normal"><sp/></highlight><highlight class="keywordtype">void</highlight><highlight class="normal"><sp/><ref refid="classprocess_1_1_form2_1abd45fc061a204975bc98f8c7c7818774" kindref="member">label1_Click</ref>(</highlight><highlight class="keywordtype">object</highlight><highlight class="normal"><sp/>sender,<sp/>EventArgs<sp/>e)</highlight></codeline>
<codeline lineno="23"><highlight class="normal"><sp/><sp/><sp/><sp/><sp/><sp/><sp/><sp/>{</highlight></codeline>
<codeline lineno="24"><highlight class="normal"></highlight></codeline>
<codeline lineno="25"><highlight class="normal"><sp/><sp/><sp/><sp/><sp/><sp/><sp/><sp/>}</highlight></codeline>
<codeline lineno="31"><highlight class="normal"><sp/><sp/><sp/><sp/><sp/><sp/><sp/><sp/></highlight><highlight class="keyword">private</highlight><highlight class="normal"><sp/></highlight><highlight class="keywordtype">void</highlight><highlight class="normal"><sp/><ref refid="classprocess_1_1_form2_1a1b57a990dcc89e6b28baea089a5f3e41" kindref="member">button1_Click</ref>(</highlight><highlight class="keywordtype">object</highlight><highlight class="normal"><sp/>sender,<sp/>EventArgs<sp/>e)</highlight></codeline>
<codeline lineno="32"><highlight class="normal"><sp/><sp/><sp/><sp/><sp/><sp/><sp/><sp/>{</highlight></codeline>
<codeline lineno="33"><highlight class="normal"><sp/><sp/><sp/><sp/><sp/><sp/><sp/><sp/><sp/><sp/><sp/><sp/></highlight><highlight class="keywordflow">if</highlight><highlight class="normal"><sp/>(!</highlight><highlight class="keywordtype">string</highlight><highlight class="normal">.IsNullOrEmpty(<ref refid="classprocess_1_1_form2_1a159abdbfda75eb26d1eba4d0ad1f76f5" kindref="member">textBox1</ref>.Text))</highlight></codeline>
<codeline lineno="34"><highlight class="normal"><sp/><sp/><sp/><sp/><sp/><sp/><sp/><sp/><sp/><sp/><sp/><sp/>{</highlight></codeline>
<codeline lineno="35"><highlight class="normal"><sp/><sp/><sp/><sp/><sp/><sp/><sp/><sp/><sp/><sp/><sp/><sp/><sp/><sp/><sp/><sp/></highlight><highlight class="keywordflow">try</highlight><highlight class="normal"></highlight></codeline>
<codeline lineno="36"><highlight class="normal"><sp/><sp/><sp/><sp/><sp/><sp/><sp/><sp/><sp/><sp/><sp/><sp/><sp/><sp/><sp/><sp/>{</highlight></codeline>
<codeline lineno="37"><highlight class="normal"><sp/><sp/><sp/><sp/><sp/><sp/><sp/><sp/><sp/><sp/><sp/><sp/><sp/><sp/><sp/><sp/><sp/><sp/><sp/><sp/>Process<sp/><ref refid="namespaceprocess" kindref="compound">process</ref><sp/>=<sp/></highlight><highlight class="keyword">new</highlight><highlight class="normal"><sp/>Process();</highlight></codeline>
<codeline lineno="38"><highlight class="normal"><sp/><sp/><sp/><sp/><sp/><sp/><sp/><sp/><sp/><sp/><sp/><sp/><sp/><sp/><sp/><sp/><sp/><sp/><sp/><sp/>process.StartInfo.FileName<sp/>=<sp/><ref refid="classprocess_1_1_form2_1a159abdbfda75eb26d1eba4d0ad1f76f5" kindref="member">textBox1</ref>.Text;</highlight></codeline>
<codeline lineno="39"><highlight class="normal"><sp/><sp/><sp/><sp/><sp/><sp/><sp/><sp/><sp/><sp/><sp/><sp/><sp/><sp/><sp/><sp/><sp/><sp/><sp/><sp/><ref refid="namespaceprocess" kindref="compound">process</ref>.Start();</highlight></codeline>
<codeline lineno="40"><highlight class="normal"><sp/><sp/><sp/><sp/><sp/><sp/><sp/><sp/><sp/><sp/><sp/><sp/><sp/><sp/><sp/><sp/>}</highlight></codeline>
<codeline lineno="41"><highlight class="normal"><sp/><sp/><sp/><sp/><sp/><sp/><sp/><sp/><sp/><sp/><sp/><sp/><sp/><sp/><sp/><sp/></highlight><highlight class="keywordflow">catch</highlight><highlight class="normal"><sp/>(Exception<sp/>ex)</highlight></codeline>
<codeline lineno="42"><highlight class="normal"><sp/><sp/><sp/><sp/><sp/><sp/><sp/><sp/><sp/><sp/><sp/><sp/><sp/><sp/><sp/><sp/>{</highlight></codeline>
<codeline lineno="43"><highlight class="normal"><sp/><sp/><sp/><sp/><sp/><sp/><sp/><sp/><sp/><sp/><sp/><sp/><sp/><sp/><sp/><sp/><sp/><sp/><sp/><sp/>MessageBox.Show(ex.Message,<sp/></highlight><highlight class="stringliteral">&quot;Message&quot;</highlight><highlight class="normal">,<sp/>MessageBoxButtons.OK,<sp/>MessageBoxIcon.Error);</highlight></codeline>
<codeline lineno="44"><highlight class="normal"><sp/><sp/><sp/><sp/><sp/><sp/><sp/><sp/><sp/><sp/><sp/><sp/><sp/><sp/><sp/><sp/>}</highlight></codeline>
<codeline lineno="45"><highlight class="normal"><sp/><sp/><sp/><sp/><sp/><sp/><sp/><sp/><sp/><sp/><sp/><sp/>}</highlight></codeline>
<codeline lineno="46"><highlight class="normal"><sp/><sp/><sp/><sp/><sp/><sp/><sp/><sp/>}</highlight></codeline>
<codeline lineno="47"><highlight class="normal"></highlight></codeline>
<codeline lineno="48"><highlight class="normal"><sp/><sp/><sp/><sp/><sp/><sp/><sp/><sp/></highlight><highlight class="keyword">private</highlight><highlight class="normal"><sp/></highlight><highlight class="keywordtype">void</highlight><highlight class="normal"><sp/><ref refid="classprocess_1_1_form2_1a6de2b57995ddf76cdc06d6f910a26b94" kindref="member">Form2_Load</ref>(</highlight><highlight class="keywordtype">object</highlight><highlight class="normal"><sp/>sender,<sp/>EventArgs<sp/>e)</highlight></codeline>
<codeline lineno="49"><highlight class="normal"><sp/><sp/><sp/><sp/><sp/><sp/><sp/><sp/>{</highlight></codeline>
<codeline lineno="50"><highlight class="normal"></highlight></codeline>
<codeline lineno="51"><highlight class="normal"><sp/><sp/><sp/><sp/><sp/><sp/><sp/><sp/>}</highlight></codeline>
<codeline lineno="57"><highlight class="normal"><sp/><sp/><sp/><sp/><sp/><sp/><sp/><sp/></highlight><highlight class="keyword">private</highlight><highlight class="normal"><sp/></highlight><highlight class="keywordtype">void</highlight><highlight class="normal"><sp/><ref refid="classprocess_1_1_form2_1a9eb3e9f6710fc81381fc8b13ab0d6e63" kindref="member">button2_Click</ref>(</highlight><highlight class="keywordtype">object</highlight><highlight class="normal"><sp/>sender,<sp/>EventArgs<sp/>e)</highlight></codeline>
<codeline lineno="58"><highlight class="normal"><sp/><sp/><sp/><sp/><sp/><sp/><sp/><sp/>{</highlight></codeline>
<codeline lineno="59"><highlight class="normal"><sp/><sp/><sp/><sp/><sp/><sp/><sp/><sp/><sp/><sp/><sp/><sp/>Close();</highlight></codeline>
<codeline lineno="60"><highlight class="normal"><sp/><sp/><sp/><sp/><sp/><sp/><sp/><sp/>}</highlight></codeline>
<codeline lineno="61"><highlight class="normal"></highlight></codeline>
<codeline lineno="62"><highlight class="normal"><sp/><sp/><sp/><sp/><sp/><sp/><sp/><sp/></highlight><highlight class="keyword">private</highlight><highlight class="normal"><sp/></highlight><highlight class="keywordtype">void</highlight><highlight class="normal"><sp/><ref refid="classprocess_1_1_form2_1a3ed929c3695f137ee66fbc6990179a94" kindref="member">textBox1_TextChanged</ref>(</highlight><highlight class="keywordtype">object</highlight><highlight class="normal"><sp/>sender,<sp/>EventArgs<sp/>e)</highlight></codeline>
<codeline lineno="63"><highlight class="normal"><sp/><sp/><sp/><sp/><sp/><sp/><sp/><sp/>{</highlight></codeline>
<codeline lineno="64"><highlight class="normal"></highlight></codeline>
<codeline lineno="65"><highlight class="normal"><sp/><sp/><sp/><sp/><sp/><sp/><sp/><sp/>}</highlight></codeline>
<codeline lineno="66"><highlight class="normal"><sp/><sp/><sp/><sp/>}</highlight></codeline>
<codeline lineno="67"><highlight class="normal">}</highlight></codeline>
    </programlisting>
    <location file="Form2.cs"/>
  </compounddef>
</doxygen>
