<?xml version='1.0' encoding='UTF-8' standalone='no'?>
<doxygen xmlns:xsi="http://www.w3.org/2001/XMLSchema-instance" xsi:noNamespaceSchemaLocation="compound.xsd" version="1.10.0" xml:lang="ru">
  <compounddef id="_release_2net8_80-windows_2_8_n_e_t_core_app_00_version_0av8_80_8_assembly_attributes_8cs" kind="file" language="C#">
    <compoundname>.NETCoreApp,Version=v8.0.AssemblyAttributes.cs</compoundname>
    <briefdescription>
    </briefdescription>
    <detaileddescription>
    </detaileddescription>
    <programlisting>
<codeline lineno="1"><highlight class="comment">//<sp/>&lt;autogenerated<sp/>/&gt;</highlight><highlight class="normal"></highlight></codeline>
<codeline lineno="2"><highlight class="normal"></highlight><highlight class="keyword">using<sp/></highlight><highlight class="normal">System;</highlight></codeline>
<codeline lineno="3"><highlight class="normal"></highlight><highlight class="keyword">using<sp/></highlight><highlight class="normal">System.Reflection;</highlight></codeline>
<codeline lineno="4"><highlight class="normal">[assembly:<sp/>global::System.Runtime.Versioning.TargetFrameworkAttribute(</highlight><highlight class="stringliteral">&quot;.NETCoreApp,Version=v8.0&quot;</highlight><highlight class="normal">,<sp/>FrameworkDisplayName<sp/>=<sp/></highlight><highlight class="stringliteral">&quot;.NET<sp/>8.0&quot;</highlight><highlight class="normal">)]</highlight></codeline>
    </programlisting>
    <location file="obj/Release/net8.0-windows/.NETCoreApp,Version=v8.0.AssemblyAttributes.cs"/>
  </compounddef>
</doxygen>
