<?xml version='1.0' encoding='UTF-8' standalone='no'?>
<doxygen xmlns:xsi="http://www.w3.org/2001/XMLSchema-instance" xsi:noNamespaceSchemaLocation="compound.xsd" version="1.10.0" xml:lang="ru">
  <compounddef id="_resources_8_designer_8cs" kind="file" language="C#">
    <compoundname>Resources.Designer.cs</compoundname>
    <innerclass refid="classprocess_1_1_properties_1_1_resources" prot="package">process::Properties::Resources</innerclass>
    <innernamespace refid="namespaceprocess">process</innernamespace>
    <innernamespace refid="namespaceprocess_1_1_properties">process::Properties</innernamespace>
    <briefdescription>
    </briefdescription>
    <detaileddescription>
    </detaileddescription>
    <programlisting>
<codeline lineno="1"><highlight class="comment">//------------------------------------------------------------------------------</highlight><highlight class="normal"></highlight></codeline>
<codeline lineno="2"><highlight class="normal"></highlight><highlight class="comment">//<sp/>&lt;auto-generated&gt;</highlight><highlight class="normal"></highlight></codeline>
<codeline lineno="3"><highlight class="normal"></highlight><highlight class="comment">//<sp/><sp/><sp/><sp/><sp/>Этот<sp/>код<sp/>создан<sp/>программой.</highlight><highlight class="normal"></highlight></codeline>
<codeline lineno="4"><highlight class="normal"></highlight><highlight class="comment">//<sp/><sp/><sp/><sp/><sp/>Исполняемая<sp/>версия:4.0.30319.42000</highlight><highlight class="normal"></highlight></codeline>
<codeline lineno="5"><highlight class="normal"></highlight><highlight class="comment">//</highlight><highlight class="normal"></highlight></codeline>
<codeline lineno="6"><highlight class="normal"></highlight><highlight class="comment">//<sp/><sp/><sp/><sp/><sp/>Изменения<sp/>в<sp/>этом<sp/>файле<sp/>могут<sp/>привести<sp/>к<sp/>неправильной<sp/>работе<sp/>и<sp/>будут<sp/>потеряны<sp/>в<sp/>случае</highlight><highlight class="normal"></highlight></codeline>
<codeline lineno="7"><highlight class="normal"></highlight><highlight class="comment">//<sp/><sp/><sp/><sp/><sp/>повторной<sp/>генерации<sp/>кода.</highlight><highlight class="normal"></highlight></codeline>
<codeline lineno="8"><highlight class="normal"></highlight><highlight class="comment">//<sp/>&lt;/auto-generated&gt;</highlight><highlight class="normal"></highlight></codeline>
<codeline lineno="9"><highlight class="normal"></highlight><highlight class="comment">//------------------------------------------------------------------------------</highlight><highlight class="normal"></highlight></codeline>
<codeline lineno="10"><highlight class="normal"></highlight></codeline>
<codeline lineno="11" refid="namespaceprocess_1_1_properties" refkind="compound"><highlight class="normal"></highlight><highlight class="keyword">namespace<sp/></highlight><highlight class="normal"><ref refid="namespaceprocess_1_1_properties" kindref="compound">process.Properties</ref><sp/>{</highlight></codeline>
<codeline lineno="12"><highlight class="normal"><sp/><sp/><sp/><sp/></highlight><highlight class="keyword">using<sp/></highlight><highlight class="normal">System;</highlight></codeline>
<codeline lineno="13"><highlight class="normal"><sp/><sp/><sp/><sp/></highlight></codeline>
<codeline lineno="14"><highlight class="normal"><sp/><sp/><sp/><sp/></highlight></codeline>
<codeline lineno="18"><highlight class="normal"><sp/><sp/><sp/><sp/></highlight><highlight class="comment">//<sp/>Этот<sp/>класс<sp/>создан<sp/>автоматически<sp/>классом<sp/>StronglyTypedResourceBuilder</highlight><highlight class="normal"></highlight></codeline>
<codeline lineno="19"><highlight class="normal"><sp/><sp/><sp/><sp/></highlight><highlight class="comment">//<sp/>с<sp/>помощью<sp/>такого<sp/>средства,<sp/>как<sp/>ResGen<sp/>или<sp/>Visual<sp/>Studio.</highlight><highlight class="normal"></highlight></codeline>
<codeline lineno="20"><highlight class="normal"><sp/><sp/><sp/><sp/></highlight><highlight class="comment">//<sp/>Чтобы<sp/>добавить<sp/>или<sp/>удалить<sp/>член,<sp/>измените<sp/>файл<sp/>.ResX<sp/>и<sp/>снова<sp/>запустите<sp/>ResGen</highlight><highlight class="normal"></highlight></codeline>
<codeline lineno="21"><highlight class="normal"><sp/><sp/><sp/><sp/></highlight><highlight class="comment">//<sp/>с<sp/>параметром<sp/>/str<sp/>или<sp/>перестройте<sp/>свой<sp/>проект<sp/>VS.</highlight><highlight class="normal"></highlight></codeline>
<codeline lineno="22"><highlight class="normal"><sp/><sp/><sp/><sp/>[global::System.CodeDom.Compiler.GeneratedCodeAttribute(</highlight><highlight class="stringliteral">&quot;System.Resources.Tools.StronglyTypedResourceBuilder&quot;</highlight><highlight class="normal">,<sp/></highlight><highlight class="stringliteral">&quot;17.0.0.0&quot;</highlight><highlight class="normal">)]</highlight></codeline>
<codeline lineno="23"><highlight class="normal"><sp/><sp/><sp/><sp/>[global::System.Diagnostics.DebuggerNonUserCodeAttribute()]</highlight></codeline>
<codeline lineno="24"><highlight class="normal"><sp/><sp/><sp/><sp/>[global::System.Runtime.CompilerServices.CompilerGeneratedAttribute()]</highlight></codeline>
<codeline lineno="25" refid="classprocess_1_1_properties_1_1_resources" refkind="compound"><highlight class="normal"><sp/><sp/><sp/><sp/></highlight><highlight class="keyword">internal</highlight><highlight class="normal"><sp/></highlight><highlight class="keyword">class<sp/></highlight><highlight class="normal"><ref refid="classprocess_1_1_properties_1_1_resources" kindref="compound">Resources</ref><sp/>{</highlight></codeline>
<codeline lineno="26"><highlight class="normal"><sp/><sp/><sp/><sp/><sp/><sp/><sp/><sp/></highlight></codeline>
<codeline lineno="27"><highlight class="normal"><sp/><sp/><sp/><sp/><sp/><sp/><sp/><sp/></highlight><highlight class="keyword">private</highlight><highlight class="normal"><sp/></highlight><highlight class="keyword">static</highlight><highlight class="normal"><sp/>global::System.<ref refid="classprocess_1_1_properties_1_1_resources_1aa7668c94df3fe209c920d280edd2cccd" kindref="member">Resources</ref>.ResourceManager<sp/><ref refid="classprocess_1_1_properties_1_1_resources_1a7bdf0d1421b8576cda322242f32ab2cf" kindref="member">resourceMan</ref>;</highlight></codeline>
<codeline lineno="28"><highlight class="normal"><sp/><sp/><sp/><sp/><sp/><sp/><sp/><sp/></highlight></codeline>
<codeline lineno="29"><highlight class="normal"><sp/><sp/><sp/><sp/><sp/><sp/><sp/><sp/></highlight><highlight class="keyword">private</highlight><highlight class="normal"><sp/></highlight><highlight class="keyword">static</highlight><highlight class="normal"><sp/>global::System.Globalization.CultureInfo<sp/><ref refid="classprocess_1_1_properties_1_1_resources_1a4c218c81b5a1a38c5196d6eef2a5199e" kindref="member">resourceCulture</ref>;</highlight></codeline>
<codeline lineno="30"><highlight class="normal"><sp/><sp/><sp/><sp/><sp/><sp/><sp/><sp/></highlight></codeline>
<codeline lineno="31"><highlight class="normal"><sp/><sp/><sp/><sp/><sp/><sp/><sp/><sp/>[global::System.Diagnostics.CodeAnalysis.SuppressMessageAttribute(</highlight><highlight class="stringliteral">&quot;Microsoft.Performance&quot;</highlight><highlight class="normal">,<sp/></highlight><highlight class="stringliteral">&quot;CA1811:AvoidUncalledPrivateCode&quot;</highlight><highlight class="normal">)]</highlight></codeline>
<codeline lineno="32"><highlight class="normal"><sp/><sp/><sp/><sp/><sp/><sp/><sp/><sp/></highlight><highlight class="keyword">internal</highlight><highlight class="normal"><sp/><ref refid="classprocess_1_1_properties_1_1_resources_1aa7668c94df3fe209c920d280edd2cccd" kindref="member">Resources</ref>()<sp/>{</highlight></codeline>
<codeline lineno="33"><highlight class="normal"><sp/><sp/><sp/><sp/><sp/><sp/><sp/><sp/>}</highlight></codeline>
<codeline lineno="34"><highlight class="normal"><sp/><sp/><sp/><sp/><sp/><sp/><sp/><sp/></highlight></codeline>
<codeline lineno="38"><highlight class="normal"><sp/><sp/><sp/><sp/><sp/><sp/><sp/><sp/>[global::System.ComponentModel.EditorBrowsableAttribute(global::System.ComponentModel.EditorBrowsableState.Advanced)]</highlight></codeline>
<codeline lineno="39"><highlight class="normal"><sp/><sp/><sp/><sp/><sp/><sp/><sp/><sp/></highlight><highlight class="keyword">internal</highlight><highlight class="normal"><sp/></highlight><highlight class="keyword">static</highlight><highlight class="normal"><sp/>global::System.<ref refid="classprocess_1_1_properties_1_1_resources_1aa7668c94df3fe209c920d280edd2cccd" kindref="member">Resources</ref>.ResourceManager<sp/><ref refid="classprocess_1_1_properties_1_1_resources_1a1efb956f5cdf9bd4a122ba32b44965a2" kindref="member">ResourceManager</ref><sp/>{</highlight></codeline>
<codeline lineno="40"><highlight class="normal"><sp/><sp/><sp/><sp/><sp/><sp/><sp/><sp/><sp/><sp/><sp/><sp/></highlight><highlight class="keyword">get</highlight><highlight class="normal"><sp/>{</highlight></codeline>
<codeline lineno="41"><highlight class="normal"><sp/><sp/><sp/><sp/><sp/><sp/><sp/><sp/><sp/><sp/><sp/><sp/><sp/><sp/><sp/><sp/></highlight><highlight class="keywordflow">if</highlight><highlight class="normal"><sp/>(</highlight><highlight class="keywordtype">object</highlight><highlight class="normal">.ReferenceEquals(<ref refid="classprocess_1_1_properties_1_1_resources_1a7bdf0d1421b8576cda322242f32ab2cf" kindref="member">resourceMan</ref>,<sp/></highlight><highlight class="keyword">null</highlight><highlight class="normal">))<sp/>{</highlight></codeline>
<codeline lineno="42"><highlight class="normal"><sp/><sp/><sp/><sp/><sp/><sp/><sp/><sp/><sp/><sp/><sp/><sp/><sp/><sp/><sp/><sp/><sp/><sp/><sp/><sp/>global::System.<ref refid="classprocess_1_1_properties_1_1_resources_1aa7668c94df3fe209c920d280edd2cccd" kindref="member">Resources</ref>.ResourceManager<sp/>temp<sp/>=<sp/></highlight><highlight class="keyword">new</highlight><highlight class="normal"><sp/>global::System.Resources.ResourceManager(</highlight><highlight class="stringliteral">&quot;process.Properties.Resources&quot;</highlight><highlight class="normal">,<sp/>typeof(<ref refid="classprocess_1_1_properties_1_1_resources" kindref="compound">Resources</ref>).Assembly);</highlight></codeline>
<codeline lineno="43"><highlight class="normal"><sp/><sp/><sp/><sp/><sp/><sp/><sp/><sp/><sp/><sp/><sp/><sp/><sp/><sp/><sp/><sp/><sp/><sp/><sp/><sp/><ref refid="classprocess_1_1_properties_1_1_resources_1a7bdf0d1421b8576cda322242f32ab2cf" kindref="member">resourceMan</ref><sp/>=<sp/>temp;</highlight></codeline>
<codeline lineno="44"><highlight class="normal"><sp/><sp/><sp/><sp/><sp/><sp/><sp/><sp/><sp/><sp/><sp/><sp/><sp/><sp/><sp/><sp/>}</highlight></codeline>
<codeline lineno="45"><highlight class="normal"><sp/><sp/><sp/><sp/><sp/><sp/><sp/><sp/><sp/><sp/><sp/><sp/><sp/><sp/><sp/><sp/></highlight><highlight class="keywordflow">return</highlight><highlight class="normal"><sp/><ref refid="classprocess_1_1_properties_1_1_resources_1a7bdf0d1421b8576cda322242f32ab2cf" kindref="member">resourceMan</ref>;</highlight></codeline>
<codeline lineno="46"><highlight class="normal"><sp/><sp/><sp/><sp/><sp/><sp/><sp/><sp/><sp/><sp/><sp/><sp/>}</highlight></codeline>
<codeline lineno="47"><highlight class="normal"><sp/><sp/><sp/><sp/><sp/><sp/><sp/><sp/>}</highlight></codeline>
<codeline lineno="48"><highlight class="normal"><sp/><sp/><sp/><sp/><sp/><sp/><sp/><sp/></highlight></codeline>
<codeline lineno="53"><highlight class="normal"><sp/><sp/><sp/><sp/><sp/><sp/><sp/><sp/>[global::System.ComponentModel.EditorBrowsableAttribute(global::System.ComponentModel.EditorBrowsableState.Advanced)]</highlight></codeline>
<codeline lineno="54"><highlight class="normal"><sp/><sp/><sp/><sp/><sp/><sp/><sp/><sp/></highlight><highlight class="keyword">internal</highlight><highlight class="normal"><sp/></highlight><highlight class="keyword">static</highlight><highlight class="normal"><sp/>global::System.Globalization.CultureInfo<sp/><ref refid="classprocess_1_1_properties_1_1_resources_1a9b4064419d97bce2f40fea62aafa0c42" kindref="member">Culture</ref><sp/>{</highlight></codeline>
<codeline lineno="55"><highlight class="normal"><sp/><sp/><sp/><sp/><sp/><sp/><sp/><sp/><sp/><sp/><sp/><sp/></highlight><highlight class="keyword">get</highlight><highlight class="normal"><sp/>{</highlight></codeline>
<codeline lineno="56"><highlight class="normal"><sp/><sp/><sp/><sp/><sp/><sp/><sp/><sp/><sp/><sp/><sp/><sp/><sp/><sp/><sp/><sp/></highlight><highlight class="keywordflow">return</highlight><highlight class="normal"><sp/><ref refid="classprocess_1_1_properties_1_1_resources_1a4c218c81b5a1a38c5196d6eef2a5199e" kindref="member">resourceCulture</ref>;</highlight></codeline>
<codeline lineno="57"><highlight class="normal"><sp/><sp/><sp/><sp/><sp/><sp/><sp/><sp/><sp/><sp/><sp/><sp/>}</highlight></codeline>
<codeline lineno="58"><highlight class="normal"><sp/><sp/><sp/><sp/><sp/><sp/><sp/><sp/><sp/><sp/><sp/><sp/></highlight><highlight class="keyword">set</highlight><highlight class="normal"><sp/>{</highlight></codeline>
<codeline lineno="59"><highlight class="normal"><sp/><sp/><sp/><sp/><sp/><sp/><sp/><sp/><sp/><sp/><sp/><sp/><sp/><sp/><sp/><sp/><ref refid="classprocess_1_1_properties_1_1_resources_1a4c218c81b5a1a38c5196d6eef2a5199e" kindref="member">resourceCulture</ref><sp/>=<sp/>value;</highlight></codeline>
<codeline lineno="60"><highlight class="normal"><sp/><sp/><sp/><sp/><sp/><sp/><sp/><sp/><sp/><sp/><sp/><sp/>}</highlight></codeline>
<codeline lineno="61"><highlight class="normal"><sp/><sp/><sp/><sp/><sp/><sp/><sp/><sp/>}</highlight></codeline>
<codeline lineno="62"><highlight class="normal"><sp/><sp/><sp/><sp/>}</highlight></codeline>
<codeline lineno="63"><highlight class="normal">}</highlight></codeline>
    </programlisting>
    <location file="Properties/Resources.Designer.cs"/>
  </compounddef>
</doxygen>
