<?xml version='1.0' encoding='UTF-8' standalone='no'?>
<doxygen xmlns:xsi="http://www.w3.org/2001/XMLSchema-instance" xsi:noNamespaceSchemaLocation="compound.xsd" version="1.10.0" xml:lang="ru">
  <compounddef id="dir_d051c76eebdc544d9c3d734575641c72" kind="dir">
    <compoundname>Properties</compoundname>
    <innerfile refid="_resources_8_designer_8cs">Resources.Designer.cs</innerfile>
    <briefdescription>
    </briefdescription>
    <detaileddescription>
    </detaileddescription>
    <location file="Properties/"/>
  </compounddef>
</doxygen>
