<?xml version='1.0' encoding='UTF-8' standalone='no'?>
<doxygen xmlns:xsi="http://www.w3.org/2001/XMLSchema-instance" xsi:noNamespaceSchemaLocation="compound.xsd" version="1.10.0" xml:lang="ru">
  <compounddef id="dir_7847f6bd3b34c64ead7d39305ac8e6ba" kind="dir">
    <compoundname>obj/Debug/net8.0-windows</compoundname>
    <innerfile refid="_debug_2net8_80-windows_2_8_n_e_t_core_app_00_version_0av8_80_8_assembly_attributes_8cs">.NETCoreApp,Version=v8.0.AssemblyAttributes.cs</innerfile>
    <innerfile refid="_debug_2net8_80-windows_2process_8_assembly_info_8cs">process.AssemblyInfo.cs</innerfile>
    <innerfile refid="_debug_2net8_80-windows_2process_8_global_usings_8g_8cs">process.GlobalUsings.g.cs</innerfile>
    <briefdescription>
    </briefdescription>
    <detaileddescription>
    </detaileddescription>
    <location file="obj/Debug/net8.0-windows/"/>
  </compounddef>
</doxygen>
