<?xml version='1.0' encoding='UTF-8' standalone='no'?>
<doxygen xmlns:xsi="http://www.w3.org/2001/XMLSchema-instance" xsi:noNamespaceSchemaLocation="compound.xsd" version="1.10.0" xml:lang="ru">
  <compounddef id="namespaceglobal_1_1_system_1_1_net_1_1_http" kind="namespace" language="C#">
    <compoundname>global::System::Net::Http</compoundname>
    <briefdescription>
    </briefdescription>
    <detaileddescription>
    </detaileddescription>
    <location file="obj/Debug/net8.0-windows/process.GlobalUsings.g.cs" line="7" column="37"/>
  </compounddef>
</doxygen>
