<?xml version='1.0' encoding='UTF-8' standalone='no'?>
<doxygen xmlns:xsi="http://www.w3.org/2001/XMLSchema-instance" xsi:noNamespaceSchemaLocation="compound.xsd" version="1.10.0" xml:lang="ru">
  <compounddef id="namespaceprocess_1_1_properties" kind="namespace" language="C#">
    <compoundname>process::Properties</compoundname>
    <innerclass refid="classprocess_1_1_properties_1_1_resources" prot="package">process::Properties::Resources</innerclass>
    <briefdescription>
    </briefdescription>
    <detaileddescription>
    </detaileddescription>
    <location file="Properties/Resources.Designer.cs" line="11" column="1"/>
  </compounddef>
</doxygen>
