<?xml version='1.0' encoding='UTF-8' standalone='no'?>
<doxygen xmlns:xsi="http://www.w3.org/2001/XMLSchema-instance" xsi:noNamespaceSchemaLocation="compound.xsd" version="1.10.0" xml:lang="en-US">
  <compounddef id="namespaceprocess" kind="namespace" language="C#">
    <compoundname>process</compoundname>
    <innerclass refid="classprocess_1_1_form1" prot="public">process::Form1</innerclass>
    <innerclass refid="classprocess_1_1_form2" prot="public">process::Form2</innerclass>
    <innerclass refid="classprocess_1_1_program" prot="package">process::Program</innerclass>
    <briefdescription>
    </briefdescription>
    <detaileddescription>
    </detaileddescription>
    <location file="Form1.cs" line="3" column="1"/>
  </compounddef>
</doxygen>
