<?xml version='1.0' encoding='UTF-8' standalone='no'?>
<doxygen xmlns:xsi="http://www.w3.org/2001/XMLSchema-instance" xsi:noNamespaceSchemaLocation="compound.xsd" version="1.10.0" xml:lang="ru">
  <compounddef id="namespace_system_1_1_reflection" kind="namespace" language="C#">
    <compoundname>System::Reflection</compoundname>
    <briefdescription>
    </briefdescription>
    <detaileddescription>
    </detaileddescription>
    <location file="obj/Debug/net8.0-windows/.NETCoreApp,Version=v8.0.AssemblyAttributes.cs" line="3" column="24"/>
  </compounddef>
</doxygen>
