<?xml version='1.0' encoding='UTF-8' standalone='no'?>
<doxygen xmlns:xsi="http://www.w3.org/2001/XMLSchema-instance" xsi:noNamespaceSchemaLocation="compound.xsd" version="1.10.0" xml:lang="en-US">
  <compounddef id="namespace_system_1_1_diagnostics" kind="namespace" language="C#">
    <compoundname>System::Diagnostics</compoundname>
    <briefdescription>
    </briefdescription>
    <detaileddescription>
    </detaileddescription>
    <location file="Form1.cs" line="1" column="25"/>
  </compounddef>
</doxygen>
